##########################
# Populate admin table
##########################
INSERT INTO admin 
VALUES('supadmin','supadmin','张迈封','男','18356423587',0),
        ('admin01','admin01','肖仁贵','男','15632564871',1),
        ('admin02','admin02','李明达','男','15585463512',1),
        ('admin03','admin03','王东明','女','18345876935',1);

		  
##########################
# Populate dept table
##########################
INSERT INTO dept
VALUES('dept01','计算机科学与技术学院','admin01'),
        ('dept02','数理学院','admin02'),
		  ('dept03','外国语学院','admin03');


##########################
# Populate major table
##########################
INSERT INTO major
VALUES('major01','软件工程','dept01'),
        ('major02','网络工程','dept01'),
		  ('major03','计算机科学与技术','dept01'),
		  ('major04','应用数学','dept02'),
		  ('major05','应用物理','dept02'),
		  ('major06','英语','dept03'),
		  ('major07','法语','dept03');
	
	
##########################
# Populate tutor table
##########################
INSERT INTO tutor(tno,password,tname,sex,birth,title,tel,email,description,mno)
VALUES('t20071001','t20071001','高鑫磊','男','1975-6-14','教授','18317063312','gaoxinlei@126.com','我叫高鑫磊！！','major01'),
        ('t20071002','t20071002','李浩宇','男','1975-3-14','教授','18317064563','lihaoyu@126.com','我叫李浩宇！！','major01'),
		  ('t20071003','t20071003','王子羡','女','1978-1-4','教授','18317064521','wangzixian@126.com','我叫王子羡！！','major01'),
		  ('t20071004','t20071004','裴修杰','男','1979-5-14','副教授','18317065814','peixiujie@126.com','我叫裴修杰','major01'),
		  
		  ('t20071005','t20071005','陈颢天','男','1975-5-14','教授','18317068546','chensir@126.com','我叫陈颢天','major02'),
		  ('t20071006','t20071006','李擎宇','男','1975-6-14','教授','18317063312','liqingyu@126.com','我叫李擎宇','major02'),
		  ('t20071007','t20071007','欧皓轩','男','1975-8-14','教授','18317063548','ouhaoxuan@126.com','我叫欧皓轩','major02'),
		  ('t20071008','t20071008','林庆云','女','1975-4-18','教授','18317064583','linqingyun@126.com','我叫林庆云','major02'),
		  
		  ('t20071009','t20071009','王泽洋','女','1975-6-14','教授','18317042563','wangzeyang@126.com','我叫王泽洋','major03'),
		  ('t20071010','t20071010','张绍辉','男','1974-7-14','教授','18317053641','zhangshaohui@126.com','我叫张绍辉','major03'),
		  ('t20071011','t20071011','赵楷瑞','男','1978-4-20','教授','18317061547','zhaokairui@126.com','我叫赵楷瑞','major03'),
		  
		  ('t20071012','t20071012','陈越彬','男','1978-2-20','教授','18317061554','chneyuebin@126.com','我叫陈越彬','major04'),
		  ('t20071013','t20071013','李伟诚','男','1978-4-24','教授','18317061257','liweicheng@126.com','我叫李伟诚','major04'),
		  ('t20071014','t20071014','郭士达','男','1978-4-13','教授','18317601547','guoshida@126.com','我叫郭士达','major04'),
		  ('t20071015','t20071015','张信芳','女','1978-4-01','教授','18317014547','zhangxinfang@126.com','我叫张信芳','major04'),
		  
		  ('t20071016','t20071016','王俊驰','男','1980-3-20','教授','18317461545','wangjunchi@126.com','我叫王俊驰','major05'),
		  ('t20071017','t20071017','高扬波','男','1981-5-20','教授','18317061585','gaoyangbo@126.com','我叫高扬波','major05'),
		  ('t20071018','t20071018','李鸿涛','男','1983-4-10','教授','18357031557','lihongtao@126.com','我叫李鸿涛','major05'),
		  
		  ('t20071019','t20071019','王韵寒','女','1984-4-20','教授','18317064735','wangyunhan@126.com','我叫王韵寒','major06'),
		  ('t20071020','t20071020','李欣妍','女','1983-7-20','教授','18317066534','lixinyan@126.com','我叫李欣妍','major06'),
		  ('t20071021','t20071021','吴瑾萱','女','1984-3-22','教授','18317061846','wujinxuan@126.com','我叫吴瑾萱','major06'),
		  
		  ('t20071022','t20071022','凌菲','女','1984-10-20','教授','18317054321','lingfei@126.com','我叫凌菲','major07'),
		  ('t20071023','t20071023','秦绍玮','男','1983-4-29','教授','18317086541','qinshaowei@126.com','我叫秦绍玮','major07');


##########################
# Populate student table
##########################
INSERT INTO student(sno,password,sname,sex,birth,gpa,tel,email,description,mno)
VALUES('20171401','20171401','潘藩','男','1999-1-1',3.111,'15615302011','panfan@126.com','活泼开朗，认真学习，是个好同学！','major01'),
        ('20171402','20171402','陆昱帆','男','1999-1-2',3.112,'15615302012','luyufan@126.com','活泼开朗，认真学习，是个好同学！','major01'),
        ('20171403','20171403','瞿嘉玮','男','1999-1-3',3.123,'15615302013','qujiawei@126.com','活泼开朗，认真学习，是个好同学！','major01'),
        ('20171404','20171404','葛数数','男','1999-1-4',3.125,'15615302014','geshushu@126.com','活泼开朗，认真学习，是个好同学！','major01'),
        ('20171405','20171405','沈佳雯','女','1999-1-5',3.543,'15615302015','shenjiawen@126.com','活泼开朗，认真学习，是个好同学！','major01'),
		  
        ('20171406','20171406','施玮祺','男','1999-1-6',3.685,'15615302016','shiweiqi@126.com','活泼开朗，认真学习，是个好同学！','major02'),
        ('20171407','20171407','史鸿坤','男','1999-1-7',3.452,'15615302017','shihongkun@126.com','活泼开朗，认真学习，是个好同学！','major02'),
        ('20171408','20171408','史杨霄','男','1999-1-8',3.435,'15615302018','shiyangxiao@126.com','活泼开朗，认真学习，是个好同学！','major02'),
        ('20171409','20171409','汤敏','女','1999-1-9',3.523,'15615302019','tangmin@126.com','活泼开朗，认真学习，是个好同学！','major02'),
		  ('20171410','20171410','铁娜','女','1999-1-10',3.486,'15615302020','tiena@126.com','活泼开朗，认真学习，是个好同学！','major02'),
		  
		  ('20171411','20171411','魏满洲','男','1999-1-11',3.354,'15615302021','weimanzhou@126.com','活泼开朗，认真学习，是个好同学！','major03'),
		  ('20171412','20171412','肖威虎','男','1999-1-12',3.756,'15615302022','xiaoweihu@126.com','活泼开朗，认真学习，是个好同学！','major03'),
		  ('20171413','20171413','杨帆','男','1999-1-13',3.345,'15615302023','yangfan@126.com','活泼开朗，认真学习，是个好同学！','major03'),
		  ('20171414','20171414','游迎鑫','男','1999-1-14',3.463,'15615302024','youyingxin@126.com','活泼开朗，认真学习，是个好同学！','major03'),
		  ('20171415','20171415','张宝丰','男','1999-1-15',3.457,'15615302025','zhangbaofeng@126.com','活泼开朗，认真学习，是个好同学！','major03'),
		  
		  ('20171416','20171416','张振','男','1999-1-16',3.365,'15615302026','zhangzhen@126.com','活泼开朗，认真学习，是个好同学！','major04'),
		  ('20171417','20171417','赵嘉臣','男','1999-1-17',3.654,'15615302027','zhaojiachen@126.com','活泼开朗，认真学习，是个好同学！','major04'),
		  ('20171418','20171418','赵生云','男','1999-1-18',3.354,'15615302028','zhaoshenyun@126.com','活泼开朗，认真学习，是个好同学！','major04'),
		  ('20171419','20171419','仲书铭','男','1999-1-19',3.854,'15615325029','zhongshuming@126.com','活泼开朗，认真学习，是个好同学！','major04'),
		  ('20171420','20171420','周润楠','男','1999-1-19',3.552,'15615145029','zhourunnan@126.com','活泼开朗，认真学习，是个好同学！','major04'),
		  
		  ('20171421','20171421','朱访','男','1999-1-19',3.653,'15615303689','zhufang@126.com','活泼开朗，认真学习，是个好同学！','major05'),
		  ('20171422','20171422','朱芙欣','男','1999-1-19',3.547,'15611453029','zhufuxin@126.com','活泼开朗，认真学习，是个好同学！','major05'),
		  ('20171423','20171423','郑可可','男','1999-1-19',3.351,'15618532029','zhengkeke@126.com','活泼开朗，认真学习，是个好同学！','major05'),
		  ('20171424','20171424','王雷','男','1999-1-19',3.350,'15615162029','wanglei@126.com','活泼开朗，认真学习，是个好同学！','major05'),
		  ('20171425','20171425','陈靖秋','男','1999-1-19',3.850,'15616302029','chenjingqiu@126.com','活泼开朗，认真学习，是个好同学！','major05'),
		  
		  ('20171426','20171426','顾晨涛','男','1999-1-19',3.145,'15686302029','guchentao@126.com','活泼开朗，认真学习，是个好同学！','major06'),
		  ('20171427','20171427','顾颖','男','1999-1-19',3.653,'15612032029','guying@126.com','活泼开朗，认真学习，是个好同学！','major06'),
		  ('20171428','20171428','吉海鹏','男','1999-1-19',3.740,'15616302029','jihaipeng@126.com','活泼开朗，认真学习，是个好同学！','major06'),
		  ('20171429','20171429','贾蒙城','男','1999-1-19',3.360,'15698302029','jiamengcheng@126.com','活泼开朗，认真学习，是个好同学！','major06'),
		  
		  ('20171430','20171430','蒋雨润','男','1999-1-19',3.654,'15636302029','jiangyurun@126.com','活泼开朗，认真学习，是个好同学！','major07'),
		  ('20171431','20171431','李登辉','男','1999-1-19',3.635,'15165302029','lidenghui@126.com','活泼开朗，认真学习，是个好同学！','major07'),
		  ('20171432','20171432','林晨','男','1999-1-19',3.684,'15628362029','linchen@126.com','活泼开朗，认真学习，是个好同学！','major07');






